USE events_at_cognizant;
-- 1. Users (20)
INSERT INTO Users (user_id, full_name, email, city, registration_date) VALUES
(1,  'Lakshana Srinivasan', 'lakshana@example.com', 'Chennai', '2024-12-01'),
(2,  'Manoj Venkat', 'manoj@example.com', 'Bengaluru', '2024-12-05'),
(3,  'Siva Kumar', 'siva@example.com', 'Hyderabad', '2024-12-10'),
(4,  'Priya Nair', 'priya@example.com', 'Chennai', '2025-01-15'),
(5,  'Ravi Reddy', 'ravi@example.com', 'Bengaluru', '2025-02-01'),
(6,  'Ananya Iyer', 'ananya@example.com', 'Hyderabad', '2025-03-20'),
(7,  'Karthik Menon', 'karthik@example.com', 'Kochi', '2025-03-25'),
(8,  'Geetha Raj', 'geetha@example.com', 'Coimbatore', '2025-04-02'),
(9,  'Arun Prasad', 'arun@example.com', 'Visakhapatnam', '2025-04-10'),
(10, 'Deepa Pillai', 'deepa@example.com', 'Mysuru', '2025-04-15'),
(11, 'Ramesh Varma', 'ramesh@example.com', 'Trivandrum', '2025-04-20'),
(12, 'Divya Balaji', 'divya@example.com', 'Madurai', '2025-04-25'),
(13, 'Vikram Rao', 'vikram@example.com', 'Vijayawada', '2025-04-30'),
(14, 'Sneha Suresh', 'sneha@example.com', 'Salem', '2025-05-05'),
(15, 'Ajay Narayanan', 'ajay@example.com', 'Tiruchirappalli', '2025-05-10'),
(16, 'Ritu Sharma', 'ritu@example.com', 'Tirupati', '2025-05-15'),
(17, 'Surya Mohan', 'surya@example.com', 'Kozhikode', '2025-05-20'),
(18, 'Meena Venkatesh', 'meena@example.com', 'Kannur', '2025-05-22'),
(19, 'Tarun Nambiar', 'tarun@example.com', 'Mangalore', '2025-05-23'),
(20, 'Aarthi Babu', 'aarthi@example.com', 'Puducherry', '2025-05-24');

-- 2. Events (15)
INSERT INTO Events (event_id, title, description, city, start_date, end_date, status, organizer_id) VALUES
(1,  'Tech Innovators Meetup', 'A meetup for tech enthusiasts.', 'Chennai', '2025-06-10 10:00:00', '2025-06-10 16:00:00', 'upcoming', 1),
(2,  'AI & ML Conference', 'Conference on AI and ML advancements.', 'Hyderabad', '2025-05-15 09:00:00', '2025-05-15 17:00:00', 'completed', 3),
(3,  'Frontend Dev Bootcamp', 'Hands-on training on frontend tech.', 'Bengaluru', '2025-07-01 10:00:00', '2025-07-03 16:00:00', 'upcoming', 2),
(4,  'Data Science Summit', 'Deep dive into data science.', 'Kochi', '2025-06-20 09:00:00', '2025-06-20 17:00:00', 'upcoming', 6),
(5,  'Cybersecurity Workshop', 'Securing modern web apps.', 'Coimbatore', '2025-05-30 11:00:00', '2025-05-30 15:00:00', 'completed', 8),
(6,  'Cloud Computing Expo', 'Explore the cloud ecosystem.', 'Visakhapatnam', '2025-08-05 09:00:00', '2025-08-05 18:00:00', 'upcoming', 9),
(7,  'DevOps Days', 'CI/CD pipelines and practices.', 'Mysuru', '2025-07-15 09:00:00', '2025-07-15 17:00:00', 'upcoming', 10),
(8,  'Blockchain Meetup', 'Blockchain beyond crypto.', 'Trivandrum', '2025-06-25 10:00:00', '2025-06-25 13:00:00', 'upcoming', 11),
(9,  'VR/AR Conference', 'Immersive tech sessions.', 'Madurai', '2025-05-22 09:30:00', '2025-05-22 16:30:00', 'completed', 12),
(10, 'Mobile Dev Con', 'Mobile app trends and frameworks.', 'Vijayawada', '2025-07-10 10:00:00', '2025-07-10 18:00:00', 'upcoming', 13),
(11, 'Big Data Analytics', 'Processing big datasets.', 'Salem', '2025-06-05 09:00:00', '2025-06-05 17:00:00', 'upcoming', 14),
(12, 'IoT Innovations', 'Connecting devices at scale.', 'Tiruchirappalli', '2025-08-01 10:00:00', '2025-08-01 16:00:00', 'upcoming', 15),
(13, 'QA & Testing Bootcamp', 'Automated testing techniques.', 'Tirupati', '2025-05-28 10:00:00', '2025-05-28 14:00:00', 'completed', 16),
(14, 'UI/UX Design Workshop', 'Design thinking for web/mobile.', 'Kozhikode', '2025-06-15 09:00:00', '2025-06-15 12:00:00', 'cancelled', 17),
(15, 'Container Orchestration', 'Kubernetes deep dive.', 'Kannur', '2025-07-20 09:00:00', '2025-07-20 17:00:00', 'upcoming', 18);

-- 3. Sessions (40)
INSERT INTO Sessions (session_id, event_id, title, speaker_name, start_time, end_time) VALUES
-- Event 1
(1,1,'Opening Keynote','Dr. Tech','2025-06-10 10:00:00','2025-06-10 11:00:00'),
(2,1,'Future of Web Dev','Lakshana Srinivasan','2025-06-10 11:15:00','2025-06-10 12:30:00'),
(3,1,'Networking Break','—','2025-06-10 12:30:00','2025-06-10 13:00:00'),
(4,1,'Panel: Tech Trends','Manoj Venkat','2025-06-10 13:00:00','2025-06-10 14:30:00'),
-- Event 2
(5,2,'AI in Healthcare','Siva Kumar','2025-05-15 09:30:00','2025-05-15 11:00:00'),
(6,2,'ML Algorithms 101','Priya Nair','2025-05-15 11:15:00','2025-05-15 12:45:00'),
-- Event 3
(7,3,'Intro to HTML5','Manoj Venkat','2025-07-01 10:00:00','2025-07-01 12:00:00'),
(8,3,'CSS Grid & Flexbox','Ananya Iyer','2025-07-01 12:15:00','2025-07-01 14:15:00'),
(9,3,'JavaScript Deep Dive','Karthik Menon','2025-07-02 10:00:00','2025-07-02 12:00:00'),
(10,3,'React Hands-on','Geetha Raj','2025-07-02 13:00:00','2025-07-02 16:00:00'),
-- Event 4
(11,4,'Data Wrangling','Arun Prasad','2025-06-20 09:00:00','2025-06-20 11:00:00'),
(12,4,'ML Ops','Deepa Pillai','2025-06-20 11:15:00','2025-06-20 13:15:00'),
(13,4,'Lunch','—','2025-06-20 13:15:00','2025-06-20 14:15:00'),
(14,4,'Big Data Pipelines','Ramesh Varma','2025-06-20 14:15:00','2025-06-20 16:15:00'),
-- Event 5
(15,5,'Web App Security','Divya Balaji','2025-05-30 11:00:00','2025-05-30 12:30:00'),
(16,5,'Hands-on Hacking','Vikram Rao','2025-05-30 12:45:00','2025-05-30 14:15:00'),
-- Event 6
(17,6,'Intro to AWS','Sneha Suresh','2025-08-05 09:00:00','2025-08-05 10:30:00'),
(18,6,'Docker & Containers','Ajay Narayanan','2025-08-05 10:45:00','2025-08-05 12:15:00'),
(19,6,'Kubernetes Basics','Ritu Sharma','2025-08-05 13:15:00','2025-08-05 15:15:00'),
(20,6,'Serverless','Surya Mohan','2025-08-05 15:30:00','2025-08-05 17:00:00'),
-- Event 7
(21,7,'CI/CD Fundamentals','Meena Venkatesh','2025-07-15 09:00:00','2025-07-15 10:30:00'),
(22,7,'Infrastructure as Code','Tarun Nambiar','2025-07-15 10:45:00','2025-07-15 12:15:00'),
-- Event 8
(23,8,'Blockchain Basics','Aarthi Babu','2025-06-25 10:00:00','2025-06-25 11:30:00'),
(24,8,'Smart Contracts','Lakshana Srinivasan','2025-06-25 11:45:00','2025-06-25 13:00:00'),
-- Event 9
(25,9,'VR Hardware','Manoj Venkat','2025-05-22 09:30:00','2025-05-22 11:00:00'),
(26,9,'AR Experiences','Siva Kumar','2025-05-22 11:15:00','2025-05-22 12:45:00'),
-- Event 10
(27,10,'Flutter vs React Native','Priya Nair','2025-07-10 10:00:00','2025-07-10 11:30:00'),
(28,10,'Mobile Performance','Ravi Reddy','2025-07-10 11:45:00','2025-07-10 13:15:00'),
-- Event 11
(29,11,'Hadoop Ecosystem','Ananya Iyer','2025-06-05 09:00:00','2025-06-05 10:30:00'),
(30,11,'Spark in Action','Karthik Menon','2025-06-05 10:45:00','2025-06-05 12:15:00'),
(31,11,'Kafka Streams','Geetha Raj','2025-06-05 13:15:00','2025-06-05 14:45:00'),
-- Event 12
(32,12,'IoT Protocols','Arun Prasad','2025-08-01 10:00:00','2025-08-01 11:30:00'),
(33,12,'Edge Computing','Deepa Pillai','2025-08-01 11:45:00','2025-08-01 13:15:00'),
-- Event 13
(34,13,'Automation Frameworks','Ramesh Varma','2025-05-28 10:00:00','2025-05-28 11:30:00'),
(35,13,'Test Driven Dev','Divya Balaji','2025-05-28 11:45:00','2025-05-28 13:15:00'),
-- Event 14 (cancelled – no sessions)
-- Event 15
(36,15,'Kubernetes Architecture','Vikram Rao','2025-07-20 09:00:00','2025-07-20 10:30:00'),
(37,15,'Service Mesh','Sneha Suresh','2025-07-20 10:45:00','2025-07-20 12:15:00'),
(38,15,'Monitoring & Logging','Ajay Narayanan','2025-07-20 13:15:00','2025-07-20 14:45:00'),
(39,15,'Networking in K8s','Ritu Sharma','2025-07-20 15:00:00','2025-07-20 17:00:00'),
(40,15,'K8s Security','Surya Mohan','2025-07-20 17:15:00','2025-07-20 18:45:00');



-- 4. Registrations (100)
INSERT INTO Registrations (registration_id, user_id, event_id, registration_date) VALUES
-- Distribute 5–10 registrations per user/event randomly over dates in 2025-01 to 2025-06
(1,1,1,'2025-05-01'),(2,1,4,'2025-06-01'),(3,1,6,'2025-07-01'),
(4,2,1,'2025-05-02'),(5,2,3,'2025-06-02'),(6,2,7,'2025-07-05'),
(7,3,2,'2025-04-30'),(8,3,5,'2025-05-05'),(9,3,9,'2025-05-10'),(10,3,11,'2025-05-20'),
(11,4,2,'2025-04-28'),(12,4,8,'2025-06-15'),(13,4,12,'2025-07-10'),
(14,5,3,'2025-06-15'),(15,5,10,'2025-06-20'),(16,5,15,'2025-07-01'),
(17,6,4,'2025-06-05'),(18,6,1,'2025-05-15'),(19,6,11,'2025-06-01'),
(20,6,6,'2025-07-02'),(21,7,1,'2025-05-10'),(22,7,7,'2025-06-25'),
(23,7,13,'2025-05-25'),(24,8,5,'2025-05-20'),(25,8,2,'2025-05-12'),
(26,8,9,'2025-05-22'),(27,9,12,'2025-07-15'),(28,9,6,'2025-07-05'),
(29,9,11,'2025-06-10'),(30,10,4,'2025-06-10'),(31,10,8,'2025-06-25'),
(32,10,14,'2025-06-05'),(33,11,1,'2025-05-08'),(34,11,15,'2025-07-02'),
(35,11,3,'2025-06-20'),(36,12,5,'2025-05-22'),(37,12,2,'2025-05-15'),
(38,12,9,'2025-05-22'),(39,12,10,'2025-06-28'),(40,13,4,'2025-06-15'),
(41,13,7,'2025-07-10'),(42,13,11,'2025-06-05'),(43,14,1,'2025-05-05'),
(44,14,13,'2025-05-28'),(45,14,15,'2025-07-15'),(46,15,6,'2025-07-05'),
(47,15,12,'2025-07-20'),(48,16,3,'2025-06-25'),(49,16,8,'2025-06-25'),
(50,16,2,'2025-05-18'),(51,17,9,'2025-05-22'),(52,17,5,'2025-05-30'),
(53,17,14,'2025-06-10'),(54,18,4,'2025-06-20'),(55,18,7,'2025-07-15'),
(56,18,1,'2025-05-02'),(57,19,6,'2025-07-10'),(58,19,10,'2025-07-10'),
(59,19,11,'2025-06-05'),(60,20,12,'2025-08-01'),(61,20,15,'2025-07-20'),
(62,20,8,'2025-06-25'),(63,1,13,'2025-05-28'),(64,2,14,'2025-06-01'),
(65,3,15,'2025-07-20'),(66,4,10,'2025-06-28'),(67,5,9,'2025-05-22'),
(68,6,2,'2025-05-15'),(69,7,3,'2025-06-30'),(70,8,12,'2025-07-10'),
(71,9,5,'2025-05-30'),(72,10,7,'2025-07-15'),(73,11,4,'2025-06-20'),
(74,12,8,'2025-06-25'),(75,13,9,'2025-05-22'),(76,14,11,'2025-06-05'),
(77,15,14,'2025-06-15'),(78,16,1,'2025-05-01'),(79,17,6,'2025-07-05'),
(80,18,13,'2025-05-28'),(81,19,2,'2025-05-15'),(82,20,3,'2025-07-01'),
(83,1,5,'2025-05-30'),(84,2,6,'2025-07-02'),(85,3,7,'2025-07-15'),
(86,4,9,'2025-05-22'),(87,5,12,'2025-07-10'),(88,6,10,'2025-07-10'),
(89,7,11,'2025-06-05'),(90,8,15,'2025-07-20'),(91,9,1,'2025-05-02'),
(92,10,2,'2025-05-15'),(93,11,13,'2025-05-28'),(94,12,14,'2025-06-15'),
(95,13,8,'2025-06-25'),(96,14,3,'2025-07-01'),(97,15,5,'2025-05-30'),
(98,16,7,'2025-07-15'),(99,17,12,'2025-08-01'),(100,18,4,'2025-06-20');

-- 5. Feedback (60)
INSERT INTO Feedback (feedback_id, user_id, event_id, rating, comments, feedback_date) VALUES
-- Mix high/low ratings, include users with multiple feedbacks
(1,3,2,4,'Great insights!','2025-05-16'),(2,4,2,5,'Very informative.','2025-05-16'),
(3,2,1,3,'Could be better.','2025-06-11'),(4,1,1,5,'Loved it!','2025-06-11'),
(5,5,3,4,'Good hands-on sessions.','2025-07-03'),(6,6,4,2,'Too basic.','2025-06-20'),
(7,7,5,5,'Excellent workshop.','2025-05-30'),(8,8,5,3,'Average.','2025-05-30'),
(9,9,6,4,'Very useful.','2025-08-05'),(10,10,6,5,'Loved cloud demos.','2025-08-05'),
(11,11,7,4,'Practical tips!','2025-07-15'),(12,12,7,5,'Great speakers.','2025-07-15'),
(13,13,8,3,'OK content.','2025-06-25'),(14,14,8,2,'Needs depth.','2025-06-25'),
(15,15,9,4,'Fun AR demos.','2025-05-22'),(16,16,9,5,'Engaging.','2025-05-22'),
(17,17,10,5,'Mobile trends.','2025-07-10'),(18,18,10,4,'Good pace.','2025-07-10'),
(19,19,11,3,'Too much theory.','2025-06-05'),(20,20,11,4,'Nice use cases.','2025-06-05'),
(21,1,12,5,'IoT was great.','2025-08-01'),(22,2,12,4,'Useful examples.','2025-08-01'),
(23,3,13,2,'Not hands-on.','2025-05-28'),(24,4,13,3,'Could improve.','2025-05-28'),
(25,5,15,5,'K8s masterclass!','2025-07-20'),(26,6,15,4,'Very detailed.','2025-07-20'),
(27,7,1,3,'Good intro.','2025-06-10'),(28,8,1,2,'Too short.','2025-06-10'),
(29,9,2,4,'Informative.','2025-05-15'),(30,10,2,5,'Great AI talks.','2025-05-15'),
(31,11,3,4,'Loved React session.','2025-07-02'),(32,12,3,5,'Hands-on fun.','2025-07-02'),
(33,13,4,3,'Data ops ok.','2025-06-20'),(34,14,4,4,'Good pace.','2025-06-20'),
(35,15,6,5,'Cloud expo rocked.','2025-08-05'),(36,16,6,4,'Nice demos.','2025-08-05'),
(37,17,7,3,'Average.','2025-07-15'),(38,18,7,2,'Boring.','2025-07-15'),
(39,19,8,5,'Blockchain wow.','2025-06-25'),(40,20,8,4,'Nice use cases.','2025-06-25'),
(41,1,9,4,'AR cool.','2025-05-22'),(42,2,9,3,'Expected more.','2025-05-22'),
(43,3,10,5,'Mobile insights.','2025-07-10'),(44,4,10,4,'Solid content.','2025-07-10'),
(45,5,11,3,'Mixed feelings.','2025-06-05'),(46,6,11,2,'Too long.','2025-06-05'),
(47,7,12,5,'Loved IoT.','2025-08-01'),(48,8,12,4,'Well organized.','2025-08-01'),
(49,9,13,5,'Great QA tips.','2025-05-28'),(50,10,13,4,'Useful.','2025-05-28'),
(51,11,15,3,'Good but heavy.','2025-07-20'),(52,12,15,2,'Too fast.','2025-07-20'),
(53,13,1,4,'Informative.','2025-06-10'),(54,14,2,5,'Loved ML talk.','2025-05-15'),
(55,15,3,4,'Great bootcamp.','2025-07-03'),(56,16,4,3,'OK.','2025-06-20'),
(57,17,5,2,'Not for me.','2025-05-30'),(58,18,6,5,'Fantastic.','2025-08-05'),
(59,19,7,4,'Good sessions.','2025-07-15'),(60,20,8,3,'Average.','2025-06-25');

-- 6. Resources (50)
INSERT INTO Resources (resource_id, event_id, resource_type, resource_url, uploaded_at) VALUES
(1,1,'pdf','https://portal.com/resources/tech_meetup_agenda.pdf','2025-05-01 10:00:00'),
(2,1,'image','https://portal.com/resources/meetup_photo1.jpg','2025-05-02 11:00:00'),
(3,1,'link','https://slides.com/tech-meetup','2025-05-03 09:30:00'),
(4,2,'pdf','https://portal.com/resources/ai_conf_schedule.pdf','2025-05-10 08:00:00'),
(5,2,'image','https://portal.com/resources/ai_conf_banner.jpg','2025-05-12 10:15:00'),
(6,2,'link','https://videos.com/ai-conf-keynote','2025-05-13 14:00:00'),
(7,3,'pdf','https://portal.com/resources/frontend_bootcamp_guide.pdf','2025-06-25 15:00:00'),
(8,3,'image','https://portal.com/resources/css_examples.png','2025-06-26 16:30:00'),
(9,3,'link','https://github.com/frontend-bootcamp','2025-06-27 09:45:00'),
(10,4,'pdf','https://portal.com/resources/data_science_slides.pdf','2025-06-18 12:00:00'),
(11,4,'image','https://portal.com/resources/ds_panel.jpg','2025-06-19 13:00:00'),
(12,4,'link','https://notebooks.com/ds-demo','2025-06-20 11:30:00'),
(13,5,'pdf','https://portal.com/resources/security_workshop.pdf','2025-05-25 09:00:00'),
(14,5,'image','https://portal.com/resources/vuln_demo.jpg','2025-05-28 10:30:00'),
(15,5,'link','https://videos.com/security-hands-on','2025-05-29 11:15:00'),
(16,6,'pdf','https://portal.com/resources/cloud_expo_brochure.pdf','2025-07-30 08:00:00'),
(17,6,'image','https://portal.com/resources/aws_logo.png','2025-07-31 09:45:00'),
(18,6,'link','https://demos.com/serverless-demo','2025-08-01 10:15:00'),
(19,7,'pdf','https://portal.com/resources/devops_days_schedule.pdf','2025-07-10 10:00:00'),
(20,7,'image','https://portal.com/resources/ci_cd_flow.jpg','2025-07-11 11:20:00'),
(21,7,'link','https://repo.com/devops-scripts','2025-07-12 12:00:00'),
(22,8,'pdf','https://portal.com/resources/blockchain_meetup.pdf','2025-06-20 09:00:00'),
(23,8,'image','https://portal.com/resources/chain_demo.jpg','2025-06-21 10:45:00'),
(24,8,'link','https://smartcontracts.com/demo','2025-06-22 11:30:00'),
(25,9,'pdf','https://portal.com/resources/vr_ar_slides.pdf','2025-05-20 08:15:00'),
(26,9,'image','https://portal.com/resources/vr_setup.jpg','2025-05-21 09:00:00'),
(27,9,'link','https://videos.com/ar-demo','2025-05-22 10:30:00'),
(28,10,'pdf','https://portal.com/resources/mobile_dev_handbook.pdf','2025-07-05 09:45:00'),
(29,10,'image','https://portal.com/resources/flutter_vs_rn.png','2025-07-06 10:15:00'),
(30,10,'link','https://github.com/mobile-dev-con','2025-07-07 11:30:00'),
(31,11,'pdf','https://portal.com/resources/big_data_slides.pdf','2025-06-01 08:30:00'),
(32,11,'image','https://portal.com/resources/hadoop_cluster.jpg','2025-06-02 09:15:00'),
(33,11,'link','https://notebooks.com/spark-demo','2025-06-03 10:00:00'),
(34,12,'pdf','https://portal.com/resources/iot_innovations.pdf','2025-07-28 09:00:00'),
(35,12,'image','https://portal.com/resources/iot_devices.jpg','2025-07-29 10:30:00'),
(36,12,'link','https://videos.com/edge-computing','2025-07-30 11:15:00'),
(37,13,'pdf','https://portal.com/resources/qa_bootcamp.pdf','2025-05-26 08:45:00'),
(38,13,'image','https://portal.com/resources/test_framework.png','2025-05-27 09:20:00'),
(39,13,'link','https://repo.com/qa-scripts','2025-05-27 12:00:00'),
(40,15,'pdf','https://portal.com/resources/k8s_architecture.pdf','2025-07-18 09:30:00'),
(41,15,'image','https://portal.com/resources/service_mesh.jpg','2025-07-19 10:00:00'),
(42,15,'link','https://videos.com/k8s-security','2025-07-19 11:45:00'),
(43,4,'image','https://portal.com/resources/ds_workshop_group.jpg','2025-06-20 16:00:00'),
(44,6,'pdf','https://portal.com/resources/serverless_cheatsheet.pdf','2025-08-01 14:00:00'),
(45,7,'image','https://portal.com/resources/cicd_demo.png','2025-07-12 13:00:00'),
(46,3,'link','https://frontendbootcamp.com/readings','2025-06-28 09:00:00'),
(47,2,'pdf','https://portal.com/resources/ai_conf_papers.pdf','2025-05-14 07:30:00'),
(48,10,'image','https://portal.com/resources/mobile_ui_examples.jpg','2025-07-07 10:45:00'),
(49,12,'link','https://iotplatform.com/resources','2025-07-30 12:00:00'),
(50,11,'pdf','https://portal.com/resources/big_data_case_studies.pdf','2025-06-04 08:15:00');
